<?xml version="1.0" encoding="UTF-8"?>
<project-private xmlns="http://www.netbeans.org/ns/project-private/1">
    <editor-bookmarks xmlns="http://www.netbeans.org/ns/editor-bookmarks/2" lastBookmarkId="0"/>
    <open-files xmlns="http://www.netbeans.org/ns/projectui-open-files/2">
        <group>
            <file>file:/Users/aleandro/Documents/Tareas/Sistemas%20Operativos/Proyectos/SO-Proyecto_1/Simulador/src/simulador/Controller.java</file>
            <file>file:/Users/aleandro/Documents/Tareas/Sistemas%20Operativos/Proyectos/SO-Proyecto_1/Simulador/src/simulador/PantallaPrincipal.java</file>
        </group>
    </open-files>
</project-private>
